Oligo Name,Sequence (5' to 3')  ,Pool
SEasiaRABV_1_LEFT,ATCAGAGAAGAAGCAGACGGTGT,1
SEasiaRABV_1_RIGHT,CCGTCAGAGCCCAATTTCCTTC,1
SEasiaRABV_2_LEFT,AGCTATGGGATCTTAATTGCACGA,2
SEasiaRABV_2_RIGHT,AGTGACAACTGTGCCCACTCTA,2
SEasiaRABV_3_LEFT,GTGCCAACTGGAGTACTATACCGA,1
SEasiaRABV_3_RIGHT,ACCGTCGCATTAAGAGACCTGA,1
SEasiaRABV_4_LEFT,TAGGCCTAAGCGGAAAGTCACC,2
SEasiaRABV_4_RIGHT,AGTCGACCTCCGTTCATCATGA,2
SEasiaRABV_5_LEFT,TGACTAAGACTGACGTAGCGCT,1
SEasiaRABV_5_RIGHT,CGGCTCTGATTGCACTTGGATT,1
SEasiaRABV_6_LEFT,TCGACAGAACCGACAAATTGTGT,2
SEasiaRABV_6_RIGHT,AATCTCTCTCCGGACCTCATCTG,2
SEasiaRABV_7_LEFT,AGGACTTCCAGATGGACGAAGG,1
SEasiaRABV_7_RIGHT,TGGAAAAGCTCTCGGCAATCTG,1
SEasiaRABV_8_LEFT,GAGAGAGCCAATCCTCGAAAGC,2
SEasiaRABV_8_RIGHT,ACGGTTCAGATCATCCTGCATG,2
SEasiaRABV_9_LEFT,TACTGGGGTTTGTTGCTATGGC,1
SEasiaRABV_9_RIGHT,GACTGCACACTTTGACCTCTCC,1
SEasiaRABV_10_LEFT,ATGATGATGACTTGTGGCTGCC,2
SEasiaRABV_10_RIGHT,TGACATTGTCTGGCACTCACTC,2
SEasiaRABV_11_LEFT,TCTTGAGGGGGAGGAATTAGAATACT,1
SEasiaRABV_11_RIGHT,TCACATCCAAGAGGCTCAAAATGAAA,1
SEasiaRABV_12_LEFT,GGAGGAGAGAACATACGGGCTT,2
SEasiaRABV_12_RIGHT,TCTGCTTCTGTCACTACACCCG,2
SEasiaRABV_13_LEFT,AAGGATGTACCAACCTGTCAGGT,1
SEasiaRABV_13_RIGHT,AGGTAGAGGACACCGTTATGCC,1
SEasiaRABV_14_LEFT,TCCAAGTGTGGCAGATTTGGAC,2
SEasiaRABV_14_RIGHT,TCACTAACTGATCAGGAGGGCA,2
SEasiaRABV_15_LEFT,AACTATGTGGGGTTCTGGGACT,1
SEasiaRABV_15_RIGHT,CCCCCGACTCTTAAACACCCTT,1
SEasiaRABV_16_LEFT,ACCATATTCAATAAGACCTTGATGGAGG,2
SEasiaRABV_16_RIGHT,CAACACATACTTCCCCCAGCTT,2
SEasiaRABV_17_LEFT,ACGAGGCGGAAGATTTTGTTGA,1
SEasiaRABV_17_RIGHT,TCCAAGGAGGACTGTTGAATCCA,1
SEasiaRABV_18_LEFT,AAAGTGGAGGTGAGACCAAGCT,2
SEasiaRABV_18_RIGHT,TGCAAGATGATGGTGATCTATTGCT,2
SEasiaRABV_19_LEFT,AGACAGAGATAGTAGTGAGTCCCCA,1
SEasiaRABV_19_RIGHT,TTGTCTGTCAGGGTCATTCGGT,1
SEasiaRABV_20_LEFT,ACTCTGACTATAATCTCAACTCCCCT,2
SEasiaRABV_20_RIGHT,CCTCCCAAACGCCTTGTCATAG,2
SEasiaRABV_21_LEFT,CCCATAGAGAAGCTGTTAAATTGCAC,1
SEasiaRABV_21_RIGHT,AGAGAGTTGAAGCGGGACAAAA,1
SEasiaRABV_22_LEFT,GGGCTACTAGTTGTGACGAAGGA,2
SEasiaRABV_22_RIGHT,TGTCCCTTCAAGTTGACTCACCT,2
SEasiaRABV_23_LEFT,CCGTATGTCGTGAACAGCTTGG,1
SEasiaRABV_23_RIGHT,TGTTTTGGGGGCCATGTTTGAG,1
SEasiaRABV_24_LEFT,CCTTCGATGGGGATTTGACAAGT,2
SEasiaRABV_24_RIGHT,ATCTTCAGCTCCCTCTCCTTCG,2
SEasiaRABV_25_LEFT,CCTGTCAACCCCAGAGAGTTCT,1
SEasiaRABV_25_RIGHT,TCCAGGACAGAAAATACATCCTCTG,1
SEasiaRABV_26_LEFT,CTGGGCAAGGGCTTTTGGATTA,2
SEasiaRABV_26_RIGHT,GAACCTGGTTGTCTCCTTGAGC,2
SEasiaRABV_27_LEFT,GGCAGAAAGGTTGGAGTTTGGT,1
SEasiaRABV_27_RIGHT,GCATTGGTGGACACTGTTGACA,1
SEasiaRABV_28_LEFT,TGGTACCGGAGTCAAAGAGATGG,2
SEasiaRABV_28_RIGHT,TCTCTCCAGAAGGACAACCCCT,2
SEasiaRABV_29_LEFT,GCGATGTCAAGAATAATCTATTTAGACCC,1
SEasiaRABV_29_RIGHT,AGCTCACTGAGAAATCGGGGAA,1
SEasiaRABV_30_LEFT,TGGAGAATTCAGAGTTTAGAGAGGCA,2
SEasiaRABV_30_RIGHT,AAGCAGTCCCAACATCTCGGAA,2
SEasiaRABV_31_LEFT,CTCTTCAGAGAGGGCAGATCTTTT,1
SEasiaRABV_31_RIGHT,CTAGAGGGAAATCAGGGCCTGT,1
SEasiaRABV_32_LEFT,GGCTCTCTCGCTGAAAGAGTCT,2
SEasiaRABV_32_RIGHT,GCCTTACACACCTGCTACATCG,2
SEasiaRABV_33_LEFT,TGCACAAACATGGACATCCGAA,1
SEasiaRABV_33_RIGHT,ACCCTATCAGGACTCCTCTTGC,1
SEasiaRABV_34_LEFT,GCGATCCATGACTCAGGGTACA,2
SEasiaRABV_34_RIGHT,TGCCGTAATAACCTCTCGCTCA,2
SEasiaRABV_35_LEFT,CAGAAAGTTCCAGCTGCCTACC,1
SEasiaRABV_35_RIGHT,TAATCCCCCGTCATGGTTCTGG,1
SEasiaRABV_36_LEFT,GACACCTTGGAATCAGACGATGA,2
SEasiaRABV_36_RIGHT,TGGCATCCGGAAACATGTTGAG,2
SEasiaRABV_37_LEFT,ACTCAAGCCCATTTTAGATGATCTCA,1
SEasiaRABV_37_RIGHT,GATGCAATGTCGGTGACCTCTG,1
SEasiaRABV_38_LEFT,CCGTCAGACCTAAGGAATTTGACC,2
SEasiaRABV_38_RIGHT,AGGCTCATCTCTCGAAGGGTAG,2
SEasiaRABV_39_LEFT,TGACCTCATCCTTTTCATCTGAGCT,1
SEasiaRABV_39_RIGHT,GGGTCGGATGGTGGATAGAACA,1
SEasiaRABV_40_LEFT,ATCTCGAATTGCAGAGAGGGACT,2
SEasiaRABV_40_RIGHT,TGCTTCCGATGAGTCTAGTGGT,2
SEasiaRABV_41_LEFT,AGAAGCAAGTTATTCGAGGCAACA,1
SEasiaRABV_41_RIGHT,AAGTAATCAAACAGATAGAGGTTCCGA,1